date,name
2025-06-27,Morning Walk
2025-06-27,Morning Exercise
2025-06-27,Drink Water
2025-06-27,Read Goals
2025-06-27,Meditation (Gratitute & Positive Intent)
2025-06-27,I AM LIMITLESS
2025-06-27,Brain Game
2025-06-26,Read Goals
2025-06-27,Vocal Exercise
2025-06-27,Charisma University
2025-06-28,Drink Water
2025-06-28,Morning Walk
2025-06-28,Morning Exercise
2025-06-29,Read Goals
2025-06-29,Brain Game
2025-06-29,Morning Walk
2025-06-29,Drink Water
2025-06-30,Morning Exercise
2025-06-30,Read Goals
2025-06-30,Drink Water
2025-06-30,Meditation (Gratitute & Positive Intent)
2025-06-30,I AM LIMITLESS
2025-06-30,Brain Game
2025-06-30,Vocal Exercise
2025-06-30,AI News
2025-06-30,Normal News
2025-06-30,AI Tools & Softwares
2025-06-30,Evening Exercise
2025-06-30,Discord English Practice
2025-07-01,Drink Water
2025-07-01,Read Goals
2025-07-02,Drink Water
2025-07-02,Morning Walk
2025-07-02,Morning Exercise
2025-07-02,Read Goals
2025-07-02,I AM LIMITLESS
2025-07-02,Meditation (Gratitute & Positive Intent)
2025-07-02,Brain Game
2025-07-02,Vocal Exercise
2025-07-02,AI News
2025-07-03,Morning Walk
2025-07-03,Drink Water
2025-07-03,Read Goals
2025-07-03,Morning Exercise
2025-07-03,Meditation (Gratitute & Positive Intent)
2025-07-03,I AM LIMITLESS
2025-07-03,Brain Game
2025-07-03,Vocal Exercise
2025-07-03,Discord English Practice
2025-07-04,Morning Walk
2025-07-04,Morning Exercise
2025-07-04,Read Goals
2025-07-04,Drink Water
2025-07-04,Brain Game
2025-07-04,Speaking Practice Infront of Camera
2025-07-04,I AM LIMITLESS
2025-07-04,Meditation (Gratitute & Positive Intent)
2025-07-04,AI News
2025-07-05,Morning Walk
2025-07-05,Morning Exercise
2025-07-05,Read Goals
2025-07-05,Drink Water
2025-07-05,Meditation (Gratitute & Positive Intent)
2025-07-05,I AM LIMITLESS
2025-07-05,Brain Game
2025-07-05,Vocal Exercise
2025-07-05,Normal News
2025-07-05,AI News
2025-07-06,Read Goals
2025-07-06,Morning Walk
2025-07-06,Morning Exercise
2025-07-06,Drink Water
2025-07-07,Morning Exercise
2025-07-07,Morning Walk
2025-07-07,Meditation (Gratitute & Positive Intent)
2025-07-07,Read Goals
2025-07-07,Drink Water
2025-07-07,Brain Game
2025-07-09,Read Goals
2025-07-09,Morning Walk
2025-07-09,Morning Exercise
2025-07-09,Meditation (Gratitute & Positive Intent)
2025-07-09,Brain Game
2025-07-09,Drink Water
2025-07-09,AI News
2025-07-09,Normal News
2025-07-10,Drink Water
2025-07-10,Brain Game
2025-07-11,Read Goals
2025-07-11,Speaking Practice Infront of Camera
2025-07-11,Brain Game
2025-07-11,Drink Water
2025-07-11,Vocal Exercise
2025-07-11,Evening Exercise
2025-07-12,Read Goals
2025-07-12,Morning Exercise
2025-07-12,Meditation (Gratitute & Positive Intent)
2025-07-12,Drink Water
2025-07-12,Brain Game
2025-07-12,Vocal Exercise
2025-07-12,I AM LIMITLESS
2025-07-12,BE BETTER THAN GOOD
2025-07-12,Charisma University
2025-07-12,AI News
2025-07-12,Normal News
2025-07-12,Evening Exercise
2025-07-12,Speaking Practice Infront of Camera
2025-07-12,Discord English Practice
2025-07-13,BE BETTER THAN GOOD
2025-07-13,AI News
2025-07-15,BE BETTER THAN GOOD
2025-07-15,Drink Water
2025-07-16,BE BETTER THAN GOOD
2025-07-16,Drink Water
2025-07-13,Brain Game
2025-07-13,Drink Water
2025-07-13,Read Goals
2025-07-14,Brain Game
2025-07-15,Brain Game
2025-07-16,Brain Game
2025-07-17,Brain Game
2025-07-18,Brain Game
2025-07-18,BE BETTER THAN GOOD
2025-07-19,BE BETTER THAN GOOD
2025-07-19,Read Goals
2025-07-19,Morning Exercise
2025-07-19,Meditation (Gratitute & Positive Intent)
2025-07-19,Brain Game
2025-07-20,Brain Game
2025-07-21,BE BETTER THAN GOOD
2025-07-21,Drink Water
2025-07-21,Read Goals
2025-07-21,Morning Exercise
2025-07-21,Brain Game
2025-07-21,Meditation (Gratitute & Positive Intent)
2025-07-30,BE BETTER THAN GOOD
2025-07-30,Drink Water
2025-07-30,Morning Exercise
2025-07-30,Read Goals
2025-07-31,BE BETTER THAN GOOD
2025-07-31,Drink Water
2025-07-31,Morning Exercise
2025-07-31,Meditation (Gratitute & Positive Intent)
2025-07-31,Brain Game
2025-09-08,BE BETTER THAN GOOD
2025-09-08,Drink Water
2025-10-16,BE BETTER THAN GOOD
2025-10-17,BE BETTER THAN GOOD
2025-10-17,Morning Exercise
2025-10-17,Meditation (Gratitute & Positive Intent)
2025-10-19,BE BETTER THAN GOOD
2025-10-19,Read Goals
2025-10-19,Drink Water
2025-10-19,Push-ups
2025-10-19,Dance
2025-10-19,Meditation
2025-10-19,Book Reading
2025-10-19,Brain Game
2025-10-19,YouTube Video Topic
2025-10-21,BE BETTER THAN GOOD
2025-10-21,Read Goals
2025-10-21,Drink Water
2025-10-21,Dance
2025-10-21,Push-ups
2025-10-21,Meditation
2025-10-21,Book Reading
2025-10-21,YouTube Video Topic
2025-10-21,YouTube Script
2025-10-21,Brain Game
2025-10-21,Charisma University
2025-10-21,YouTube Talking Avatar Video
2025-10-21,Camera Talking
2025-10-21,Discord English Practice
2025-10-21,YouTube Video Assets
2025-10-21,Winner Podcast
2025-10-21,Psychology or Sales & Negotiation
2025-10-21,Journal: Wins & Lessons
2025-10-21,Influncai.com Planning
2025-10-21,Influencer Post Prepare
2025-10-21,Vocal Exercise
2025-10-21,Influencer Posting
2025-10-21,Tongue Twister
2025-10-21,Accent Reading
2025-10-21,General News
2025-10-21,AI News
2025-10-21,Evening Exercise
2025-10-21,Stretching Before Sleep
